{
  "seed": 42,
  "train_size": 6180,
  "test_size": 4676,
  "split_year": 2023,
  "features": 46,
  "results": {
    "rule_based": {
      "auc": 0.49411846773046225
    },
    "LogisticRegression": {
      "auc": 0.6253468808943593,
      "f1": 0.5281672189650778,
      "improvement_pp": 13.122841316389705
    },
    "RandomForest": {
      "auc": 0.5685797548405453,
      "f1": 0.5700712589073634,
      "improvement_pp": 7.44612871100831
    },
    "GradientBoosting": {
      "auc": 0.6345158995681486,
      "f1": 0.6036636136552873,
      "improvement_pp": 14.039743183768632
    }
  },
  "best_model": "GradientBoosting",
  "best_auc": 0.6345158995681486,
  "best_improvement_pp": 14.039743183768632,
  "rq2_pass": true
}